{"mean":{"confidence_interval":{"confidence_level":0.99,"lower_bound":-0.15111739087651738,"upper_bound":0.21128902468437397},"point_estimate":0.02305558836734778,"standard_error":0.07013346233950178},"median":{"confidence_interval":{"confidence_level":0.99,"lower_bound":-0.12552476678270175,"upper_bound":0.06832551204982895},"point_estimate":-0.009994405206957047,"standard_error":0.036902784633997016}}