{"mean":{"confidence_interval":{"confidence_level":0.99,"lower_bound":-0.11268694613873058,"upper_bound":0.13484921939683533},"point_estimate":0.0121739651120234,"standard_error":0.048944730892592894},"median":{"confidence_interval":{"confidence_level":0.99,"lower_bound":-0.14296728198855757,"upper_bound":0.007787325456498406},"point_estimate":-0.06530735481246308,"standard_error":0.02954151730349102}}