{"mean":{"confidence_interval":{"confidence_level":0.99,"lower_bound":-0.03812239147878622,"upper_bound":0.01744004407418341},"point_estimate":-0.009330514524835132,"standard_error":0.010682877873435855},"median":{"confidence_interval":{"confidence_level":0.99,"lower_bound":-0.010340743623279192,"upper_bound":0.017346650878380387},"point_estimate":0.002636757121386557,"standard_error":0.005397585431076108}}