{"mean":{"confidence_interval":{"confidence_level":0.99,"lower_bound":-0.0668908986628955,"upper_bound":0.04266980212240249},"point_estimate":-0.01363213189484147,"standard_error":0.021054690164467975},"median":{"confidence_interval":{"confidence_level":0.99,"lower_bound":0.007438160015099436,"upper_bound":0.026450099949610006},"point_estimate":0.0173797804013196,"standard_error":0.003582971657969792}}