{"mean":{"confidence_interval":{"confidence_level":0.99,"lower_bound":-0.019319294853239438,"upper_bound":0.06431636678646889},"point_estimate":0.02102954075223118,"standard_error":0.01603483946691695},"median":{"confidence_interval":{"confidence_level":0.99,"lower_bound":-0.020962982537441555,"upper_bound":0.021192781864812993},"point_estimate":-0.008879743918965288,"standard_error":0.007890841313238538}}