{"mean":{"confidence_interval":{"confidence_level":0.99,"lower_bound":-0.09602728986694764,"upper_bound":0.0210477392910291},"point_estimate":-0.040795844031600526,"standard_error":0.022599434596033342},"median":{"confidence_interval":{"confidence_level":0.99,"lower_bound":-0.016478603375308487,"upper_bound":0.012608638298904795},"point_estimate":-0.000903573115232148,"standard_error":0.005020557600854124}}