{"mean":{"confidence_interval":{"confidence_level":0.99,"lower_bound":-0.12848477969607675,"upper_bound":0.20787370257408855},"point_estimate":0.02385474427101575,"standard_error":0.0660946184065075},"median":{"confidence_interval":{"confidence_level":0.99,"lower_bound":-0.19346948533517416,"upper_bound":0.0311472437570749},"point_estimate":-0.09100244821750003,"standard_error":0.047025342212863024}}