{"mean":{"confidence_interval":{"confidence_level":0.99,"lower_bound":2571162.5263157897,"upper_bound":2747705.947368421},"point_estimate":2648313.052631579,"standard_error":34673.40779286188},"median":{"confidence_interval":{"confidence_level":0.99,"lower_bound":2528826.3157894737,"upper_bound":2561668.421052632},"point_estimate":2544931.578947368,"standard_error":6931.090243151776},"median_abs_dev":{"confidence_interval":{"confidence_level":0.99,"lower_bound":34677.23306856663,"upper_bound":69054.04456351936},"point_estimate":48114.270724748036,"standard_error":7014.596451882629},"slope":null,"std_dev":{"confidence_interval":{"confidence_level":0.99,"lower_bound":153224.11656903537,"upper_bound":504352.7066654373},"point_estimate":349219.30251777766,"standard_error":68724.66809521128}}