{"mean":{"confidence_interval":{"confidence_level":0.99,"lower_bound":-0.02740715927944798,"upper_bound":0.07302513424999989},"point_estimate":0.01962303646009622,"standard_error":0.019275636332946953},"median":{"confidence_interval":{"confidence_level":0.99,"lower_bound":0.004932652663655072,"upper_bound":0.024443203672684266},"point_estimate":0.016030675270538364,"standard_error":0.003411527595470524}}