{"mean":{"confidence_interval":{"confidence_level":0.99,"lower_bound":-0.04583046440757293,"upper_bound":0.006590561078720517},"point_estimate":-0.018403802869280894,"standard_error":0.010068736012174494},"median":{"confidence_interval":{"confidence_level":0.99,"lower_bound":-0.0159853224369354,"upper_bound":-0.003122349462748586},"point_estimate":-0.009355517118789236,"standard_error":0.002980232635494847}}