{"mean":{"confidence_interval":{"confidence_level":0.99,"lower_bound":-0.07913029951072502,"upper_bound":-0.0057285171669691414},"point_estimate":-0.04344946309545605,"standard_error":0.014310217121811679},"median":{"confidence_interval":{"confidence_level":0.99,"lower_bound":-0.0672612952996604,"upper_bound":-0.025813254973546067},"point_estimate":-0.050331421443113866,"standard_error":0.007754776323918758}}