{"mean":{"confidence_interval":{"confidence_level":0.99,"lower_bound":-0.02195052857320569,"upper_bound":0.06525661605564809},"point_estimate":0.020589463010813658,"standard_error":0.01667982296753749},"median":{"confidence_interval":{"confidence_level":0.99,"lower_bound":-0.011277538026759812,"upper_bound":0.01619589043724523},"point_estimate":-0.0008858014993801122,"standard_error":0.004145645457110294}}