{"mean":{"confidence_interval":{"confidence_level":0.99,"lower_bound":-0.07738428745269663,"upper_bound":0.002460995847128426},"point_estimate":-0.038327766820113074,"standard_error":0.015663248821874875},"median":{"confidence_interval":{"confidence_level":0.99,"lower_bound":-0.02770977174172573,"upper_bound":0.01749834561116259},"point_estimate":-0.003918410205584144,"standard_error":0.010205978532798149}}