{"mean":{"confidence_interval":{"confidence_level":0.99,"lower_bound":-0.013218603198054795,"upper_bound":0.059682144001301715},"point_estimate":0.02450911653481813,"standard_error":0.014637033696194537},"median":{"confidence_interval":{"confidence_level":0.99,"lower_bound":-0.0037588108540396936,"upper_bound":0.015996565741234203},"point_estimate":0.009045926814245098,"standard_error":0.0041317972852707935}}