{"mean":{"confidence_interval":{"confidence_level":0.99,"lower_bound":-0.08135546039523578,"upper_bound":0.016124340093891742},"point_estimate":-0.03337731770333863,"standard_error":0.018842580955564108},"median":{"confidence_interval":{"confidence_level":0.99,"lower_bound":-0.022728318636662248,"upper_bound":-0.0007438535108208466},"point_estimate":-0.009946983689084754,"standard_error":0.004368513953274321}}