{"mean":{"confidence_interval":{"confidence_level":0.99,"lower_bound":-0.05662903176389971,"upper_bound":0.04166183893568461},"point_estimate":-0.008571476335130224,"standard_error":0.018934357815357645},"median":{"confidence_interval":{"confidence_level":0.99,"lower_bound":-0.003091092590890465,"upper_bound":0.04793940818163221},"point_estimate":0.023210014437089477,"standard_error":0.009700740670190241}}