{"mean":{"confidence_interval":{"confidence_level":0.99,"lower_bound":26897207.9975,"upper_bound":29025615.51},"point_estimate":27864839.5,"standard_error":415664.27917040244},"median":{"confidence_interval":{"confidence_level":0.99,"lower_bound":26082300.0,"upper_bound":26373350.0},"point_estimate":26228550.0,"standard_error":53884.938779364486},"median_abs_dev":{"confidence_interval":{"confidence_level":0.99,"lower_bound":387514.0121452511,"upper_bound":935485.0009918227},"point_estimate":595300.9544312954,"standard_error":98578.18914862387},"slope":null,"std_dev":{"confidence_interval":{"confidence_level":0.99,"lower_bound":2525653.7555833696,"upper_bound":5455153.003215699},"point_estimate":4189763.2703688727,"standard_error":571278.8395830797}}