{"mean":{"confidence_interval":{"confidence_level":0.99,"lower_bound":0.006826530331395887,"upper_bound":0.3507553659949831},"point_estimate":0.17767052541590478,"standard_error":0.06453271236313136},"median":{"confidence_interval":{"confidence_level":0.99,"lower_bound":-0.02661409322915398,"upper_bound":0.33460029829410787},"point_estimate":0.05252483247704087,"standard_error":0.06434885016329504}}