{"mean":{"confidence_interval":{"confidence_level":0.99,"lower_bound":-0.05496890091293993,"upper_bound":0.043937468544934376},"point_estimate":-0.008039192408461515,"standard_error":0.018913413034557642},"median":{"confidence_interval":{"confidence_level":0.99,"lower_bound":-0.011355501466151796,"upper_bound":0.00960000989012119},"point_estimate":-0.0005735669352614492,"standard_error":0.0042046161032180274}}