{"mean":{"confidence_interval":{"confidence_level":0.99,"lower_bound":0.00477225241689069,"upper_bound":0.10292837057358567},"point_estimate":0.054057178912153114,"standard_error":0.0199879119923007},"median":{"confidence_interval":{"confidence_level":0.99,"lower_bound":0.0038984914574773377,"upper_bound":0.02621172176029196},"point_estimate":0.01635145306961494,"standard_error":0.005175146883113843}}