{"mean":{"confidence_interval":{"confidence_level":0.99,"lower_bound":209645.06209415273,"upper_bound":223839.90901979964},"point_estimate":216031.24879981353,"standard_error":2713.0899708905567},"median":{"confidence_interval":{"confidence_level":0.99,"lower_bound":204435.0,"upper_bound":207281.9512195122},"point_estimate":205773.7794117647,"standard_error":699.2575888864998},"median_abs_dev":{"confidence_interval":{"confidence_level":0.99,"lower_bound":3241.918031717912,"upper_bound":7157.18269871949},"point_estimate":4615.48848319852,"standard_error":761.4486341398292},"slope":{"confidence_interval":{"confidence_level":0.99,"lower_bound":207105.38511577068,"upper_bound":220002.3665382348},"point_estimate":212884.30696024827,"standard_error":2517.869231245519},"std_dev":{"confidence_interval":{"confidence_level":0.99,"lower_bound":15955.210904242742,"upper_bound":35228.86904579704},"point_estimate":26932.297387910534,"standard_error":3678.95460573695}}