{"mean":{"confidence_interval":{"confidence_level":0.99,"lower_bound":-0.020241133814555178,"upper_bound":0.073385961774072},"point_estimate":0.026289872014037208,"standard_error":0.01819808213071946},"median":{"confidence_interval":{"confidence_level":0.99,"lower_bound":-0.008750156587072455,"upper_bound":0.009852411247545767},"point_estimate":-0.0018886963928574918,"standard_error":0.003234702674945851}}