{"mean":{"confidence_interval":{"confidence_level":0.99,"lower_bound":-0.06850289027226952,"upper_bound":0.004138828075218315},"point_estimate":-0.03275838704554701,"standard_error":0.014011704696388053},"median":{"confidence_interval":{"confidence_level":0.99,"lower_bound":-0.025506318536370857,"upper_bound":-0.005450318359717321},"point_estimate":-0.014535766566290742,"standard_error":0.0039380014623412035}}